{
  "product": [
    {
      "id": "9861",
      "pname": "Mouse",
      "price": 400,
      "photo": "mouse.jpg",
      "details": "This is very strong mouse"
    },
    {
      "id": "87e3",
      "pname": "Laptop",
      "price": "36000",
      "photo": "laptop.jpg",
      "details": "This is a laptop from Hp"
    },
    {
      "id": "c9ff",
      "pname": "Desktop",
      "price": "15990",
      "photo": "desktop.jpg",
      "details": "This is a Generic intel core desktop complete computer system for home and office."
    },
    {
      "id": "fec8",
      "pname": "Printer",
      "price": "8000",
      "photo": "printer.jpg",
      "details": "This is a printer."
    }
  ],
  "cart": [
    {
      "id": "87e3",
      "pname": "Laptop",
      "price": "36000",
      "photo": "laptop.jpg",
      "details": "This is a laptop from Hp",
      "qty": 1
    },
    {
      "id": "c9ff",
      "pname": "Desktop",
      "price": "15990",
      "photo": "desktop.jpg",
      "details": "This is a Generic intel core desktop complete computer system for home and office.",
      "qty": 1
    }
  ],
  "order": [
    {
      "id": "545f",
      "customername": "R",
      "mobileno": "767777777",
      "address": "abcd",
      "itemlist": [
        {
          "id": "9861",
          "pname": "Mouse",
          "price": 400,
          "photo": "mouse.jpg",
          "details": "This is very strong mouse",
          "qty": 1
        },
        {
          "id": "fec8",
          "pname": "Printer",
          "price": "8000",
          "photo": "printer.jpg",
          "details": "This is a printer.",
          "qty": 1
        },
        {
          "id": "87e3",
          "pname": "Laptop",
          "price": "36000",
          "photo": "laptop.jpg",
          "details": "This is a laptop from Hp",
          "qty": 2
        }
      ]
    },
    {
      "id": "00ae",
      "customername": "Reshma",
      "mobileno": "9656012678",
      "address": "Blr",
      "itemlist": [
        {
          "id": "9861",
          "pname": "Mouse",
          "price": 400,
          "photo": "mouse.jpg",
          "details": "This is very strong mouse",
          "qty": 1
        },
        {
          "id": "fec8",
          "pname": "Printer",
          "price": "8000",
          "photo": "printer.jpg",
          "details": "This is a printer.",
          "qty": 1
        },
        {
          "id": "87e3",
          "pname": "Laptop",
          "price": "36000",
          "photo": "laptop.jpg",
          "details": "This is a laptop from Hp",
          "qty": 2
        }
      ]
    },
    {
      "id": "d48b",
      "customername": "Abc",
      "mobileno": "07677777777",
      "address": "Mangalore",
      "itemlist": [
        {
          "id": "9861",
          "pname": "Mouse",
          "price": 400,
          "photo": "mouse.jpg",
          "details": "This is very strong mouse",
          "qty": 1
        },
        {
          "id": "fec8",
          "pname": "Printer",
          "price": "8000",
          "photo": "printer.jpg",
          "details": "This is a printer.",
          "qty": 1
        },
        {
          "id": "87e3",
          "pname": "Laptop",
          "price": "36000",
          "photo": "laptop.jpg",
          "details": "This is a laptop from Hp",
          "qty": 2
        }
      ]
    },
    {
      "id": "7d04",
      "customername": "Medha",
      "mobileno": "767777777",
      "address": "abcd",
      "itemlist": [
        {
          "id": "c9ff",
          "pname": "Desktop",
          "price": "15990",
          "photo": "desktop.jpg",
          "details": "This is a Generic intel core desktop complete computer system for home and office.",
          "qty": 1
        },
        {
          "id": "fec8",
          "pname": "Printer",
          "price": "8000",
          "photo": "printer.jpg",
          "details": "This is a printer.",
          "qty": 1
        },
        {
          "id": "87e3",
          "pname": "Laptop",
          "price": "36000",
          "photo": "laptop.jpg",
          "details": "This is a laptop from Hp",
          "qty": 1
        }
      ]
    },
    {
      "id": "5097",
      "customername": "Anu",
      "mobileno": "9495619644",
      "address": "Kerala",
      "itemlist": [
        {
          "id": "c9ff",
          "pname": "Desktop",
          "price": "15990",
          "photo": "desktop.jpg",
          "details": "This is a Generic intel core desktop complete computer system for home and office.",
          "qty": 1
        },
        {
          "id": "87e3",
          "pname": "Laptop",
          "price": "36000",
          "photo": "laptop.jpg",
          "details": "This is a laptop from Hp",
          "qty": 1
        }
      ]
    }
  ],
  "seller": []
}